"R","tt","Y","X.1","X.2","X.3","X.4"
0,1,-0.46829120215658,-0.59932884847821,-1.63521750331089,-0.841058059450034,-0.0222037676126009
0,1,0.660703051490302,0.072852947369657,-0.932495411995505,-0.00637206453241448,0.413172642190648
0,0,-1.42726253130674,0.210757789132328,-0.0601185469932739,1.17094353012316,0.863272122571926
0,1,0.515782362356585,0.0928920854879386,1.54831046720252,-0.341324124478858,-0.00844982134967537
0,1,0.43681638346991,1.52732248228743,-0.572384894657166,2.64622298400769,-0.287511629219694
0,0,-1.05061974964452,0.69224297212286,2.17871936244108,-0.90749213626993,-0.213009907806798
0,1,-1.4950829547465,-0.336557507846678,-1.01940691118849,1.53307250598001,-0.907764808900781
0,0,0.884742050873372,-2.00766627562197,-1.07766455168021,0.205739775338319,-0.660954722454123
0,1,-0.686387076459227,-0.634960474089144,-0.446044934321106,0.0995339380137718,-0.287072390501075
0,1,2.21264240764811,2.56908659840296,0.62416761834291,-0.174590351822128,0.311032769680621
1,1,-0.0728764845465277,-0.151211847797573,0.486083501438694,-1.49814875217175,1.33878836530806
0,0,0.284144841853387,-0.355108318711995,1.01791773512482,0.719180543329534,-1.40731768783861
0,1,-0.615184797899693,-0.907757747441071,-0.321292538887349,-0.379066213963313,0.220846150691543
0,1,1.93476024550658,1.2461042235233,-0.884089674842896,-0.298547262993491,-0.754976653351971
0,0,0.540042347121918,1.64056651832278,0.408185968936977,-1.76466300980138,0.788690981184811
1,1,0.420331333279652,1.89862785762868,-0.0283255507370438,0.256837633720893,-0.778121589325003
0,1,0.537080600037779,1.62773036186689,0.992505344815186,0.214389966242159,-0.907600539882688
0,1,0.756905474778003,-2.31759930265774,-0.346375221903064,0.278604302139447,-0.219322172697361
0,0,-0.186893960019004,-0.692356093724536,-1.05743226893579,-0.632699407896887,-0.91490703626804
0,0,0.75987170578759,-2.34296643757009,-1.75839421200653,0.624684659561534,2.05576530798494
0,1,-0.435849594082427,0.763252718839976,-0.603432264173998,0.32102352486129,-0.897478121289191
0,0,0.566862965025597,1.71888392084544,-0.724021792160938,0.640764165475819,-0.250074690190962
0,1,1.17777714431812,-1.0663802778269,-0.251957488061353,-0.135032080189468,0.465737817882623
0,1,-0.695788137306059,-0.238677205902647,-0.201760182548605,-0.0692632153584941,0.118309345232757
0,0,-1.25514383852752,-0.22237564334366,-0.0412841573703695,-1.43611290049588,-1.08150918923122
0,1,-0.840062489756446,-0.674341763090166,0.0104686900913595,0.652240310091305,-0.559904314842997
0,1,0.692957952823617,-0.622027922691128,-1.4017095888432,0.476930112553835,0.820888919593712
0,0,0.524895811408816,-0.26048132006146,1.31142497602077,0.258355772046931,-0.546863130948399
0,0,-0.906311787339408,-0.635623963599783,-0.806883289619588,-1.01193210481603,-1.73141113133573
0,0,0.248398967373915,0.244019524316681,0.510287101776827,0.518057173463225,0.563101974090027
0,1,0.334479183718185,0.22680928572013,-0.668054230191171,-0.864230796251408,-0.407946554313895
0,0,-0.464398113787318,-1.84928192278569,0.783849706035556,0.789553358987509,0.223486118068959
1,0,0.263934508676666,0.426494748758388,-0.307166021996459,0.658490994197974,-0.325315149848172
0,1,-1.40334575604337,-0.0537020878633781,-0.204903116167885,0.238982613587151,1.19917085700964
0,0,1.04338911450018,2.20016755228232,-0.155793360398483,-0.0915148662715663,-1.48972086591832
1,0,0.615573200228565,1.66367103139237,1.05965676300357,0.726636925863882,-0.1929834279084
0,1,-1.45224778890128,0.678436279801885,0.693032789892965,-0.771644321897498,-0.320908410893712
0,1,0.414005683194909,0.587608801902864,-0.132700421777057,0.991811307895504,1.02843962028141
0,0,-1.02335104255831,1.24846785918519,-1.54058810727721,0.679557352357058,-0.0778490918544253
0,1,0.44097874098637,1.52616075182203,-0.226505657370293,0.343301072592942,-1.22353808956009
0,0,-1.34155329113503,-0.0712105106973459,0.0943578958637712,-0.108110909041976,-0.502865717946648
0,0,-0.706471028082558,0.691074189942062,0.532756087188794,-1.44728986033246,-1.48028376275226
0,0,-1.29785949712308,0.496578055010187,-1.6022384543854,-0.593798474340778,0.391154683855026
0,0,-0.139176827446003,0.566234394759608,1.61889799693493,0.476644712082739,0.0107791347996254
0,0,-0.523301442790582,-0.755175574347664,0.762629839170228,0.85763444027894,-0.335780794746953
0,0,0.133714359283738,0.167637035059887,-1.20134633155843,-2.58276731243437,0.222707799932568
0,0,-0.50643439448378,-1.40481856489202,0.627565449934589,0.290086227201242,-0.145158212499652
1,1,2.05829656441417,0.691232708029116,1.19291678055994,-0.913709612746867,0.330634802294543
0,1,-0.769056295375419,-0.567267487142571,0.0118346509394875,-1.12388455334464,0.430106431446352
0,1,-1.33940067225064,0.704717620408605,-0.220697054147671,-0.264277696736635,-1.03877427528693
0,0,-0.257084249182444,-0.744906133512491,0.891200364050103,0.149074878702626,-1.07458974207269
0,1,-0.00973562774221792,-1.17594913134491,0.356482490876243,-1.71660882922659,1.5184383354407
0,0,-0.473901612933537,0.0747543225335992,-1.24211187108872,-0.567521711442834,0.518478164009931
0,0,-0.333669989125523,0.587628271611199,1.12613670786453,-1.00169972465509,0.699684264619631
0,0,1.80725880289299,-0.923057968049019,-1.25089483229719,-1.61515130400825,1.25946680095398
0,1,0.0124187771614469,1.2121022945808,-0.359713955335634,0.587693175117835,0.199742027675334
1,1,2.25564967003293,0.995268617442648,0.68230342900571,1.42608406469226,2.71639042848252
0,1,0.535011501826228,-0.273502829852382,-0.0154923869867715,1.28277636441346,0.965257423917707
0,1,1.84569995931762,2.24878372221777,-1.89928045745162,1.64773226514918,-0.706594293091102
1,0,0.398288890618835,-0.186969293362386,1.71744865224406,-0.209312731538113,-0.325183178467151
0,0,1.19096952264121,-0.205693962066638,0.91794948624451,-1.37047078782442,-0.359927923227671
0,0,2.49071143077677,0.929496294380082,2.81130659865142,-1.2455943010533,2.00035602904193
0,0,1.29773793923349,-2.37440832966493,-0.624079469211791,-0.173093077553272,-1.23193109110691
0,0,-0.541440780409585,-0.572633879089389,1.53851895279559,-0.713546328800462,0.65419359710543
1,1,1.35026357715914,0.238191990469254,1.49846451185833,0.0971366204418845,-0.532271129921768
0,1,-0.290941117215571,-0.0492530858563533,0.583082673627319,0.16689402320302,0.953050996652346
1,0,0.915881244184231,-0.2199081533982,-3.11989359960469,1.8872683128654,1.1585155104384
0,0,0.47336200571265,0.248827348005544,1.0997961748569,-1.80214631170612,-0.149956924597272
0,1,0.383553593504633,0.230964980522997,-0.899210477030034,1.84831624032134,-0.0524438790728145
0,1,0.540028925827123,0.175071321463675,0.367956191613785,-1.30701641814538,1.45096586153553
0,1,-2.99280408585033,-0.636168117354216,1.07703849069357,-0.320732166769664,1.21907939519585
0,0,1.75916072284548,-2.11226693003544,-0.594520161402819,-1.04564937277337,2.54984207487163
0,1,-0.292558685956309,-0.966557719804098,-0.0351434803109806,0.272884141191223,-2.02801557224441
0,1,0.751313164498098,-1.24255339412543,-0.281983104864712,-0.744003907304815,1.48557269847404
0,0,0.165774608433769,0.423705527389252,-1.12206805585043,-0.709867458552035,-0.433964441256657
0,0,-0.815878720371746,0.832802254780573,-0.503982842119316,-1.07887162837683,-1.84721346667134
0,0,0.811838323470033,-0.875054891684338,0.935907599132534,-1.27430129057892,-1.00124604278024
0,1,-1.01449619678715,-0.117952134347755,0.477431992810157,0.867852226800672,1.7149991583546
0,1,1.18470303951907,1.13272893828873,-0.0910099069792602,2.18067622991956,-2.26165542166225
0,1,0.509788085852659,1.22032167966826,-0.399983504587088,-2.03474896737245,0.421269948155155
0,0,0.495833077941948,-2.02259005812342,-0.385097480783392,0.728567769530387,-0.0543989945165381
0,0,0.11760331740254,-0.223885640508833,0.597387706403645,-1.35700358612133,-0.00185415945891305
0,1,0.567380832670901,0.221625243162357,-1.32124184595205,-0.348172660488242,1.65023074810443
1,1,0.0271015271646894,1.15753594764126,0.45919552111177,-1.01906348198908,1.09730465351644
1,1,0.895935608410416,-0.358259142351183,2.31530485324235,0.659878734111163,1.55871211347018
0,1,1.66553494023166,1.57113019451167,0.00923319865869828,-1.68537271517437,0.269984441904826
0,1,0.811027874624931,-0.00359139078659074,0.0175842354904104,-0.219824742317536,0.275461537360281
0,0,-0.643021955784857,-0.424138009153584,-0.781097769553185,0.0407749578354577,1.01642666025382
0,0,1.16027182919893,0.601499379193595,1.53479414990365,0.0913499132058938,-2.61412547811418
0,1,-0.388352130871525,-0.210474378745225,0.378507145281692,-0.781274641844047,-0.253085677188295
0,1,-0.787119564785256,0.297027679547544,0.381557586545298,0.975239469185883,-1.12925624884141
0,1,0.681433675842138,-0.499597544191464,-2.18293003413978,-0.317547507848759,-0.519150070928746
0,0,-0.67680280519644,0.0919634120724934,-0.429759147860633,0.659578472797689,0.159987240910294
0,1,0.257304331996166,-0.964806363731537,0.105305692026728,0.685726632271455,1.03612941802336
0,0,0.26078190627545,0.83636762682789,-1.76188180926808,-0.485756213961057,-1.50623190675728
0,0,3.39523956436465,1.22709960078129,-2.69428987057223,-0.183298574320945,-0.193134436961973
0,1,-0.911236436512282,0.772697427882263,0.769001514408323,0.216223061134951,-0.764181193943004
0,0,0.264269791040848,-1.85591682757174,1.3773953999878,-0.759762785714435,1.46501232469899
0,1,0.0225964197874996,-1.40763016030394,1.59415336056982,-0.0511462327964483,-2.12870774821153
0,0,-1.3157263040477,-0.0499585949853036,-0.138828527840336,-0.484316773250591,0.546962339988101
0,1,1.16238395166939,-0.838810774235952,1.15718184885707,-1.19429565840268,1.26978865241371
1,1,0.604938799743002,1.49479905931394,-0.193469596453826,2.28125519839751,-0.427910801568603
0,1,-0.132796455319481,-0.213409778853753,0.435425703222145,0.322351874281075,0.645221972174217
0,1,0.583266678624781,-1.37478628368945,0.51063923269304,0.855919016811514,-1.65394717895239
0,0,-0.295850168037815,-0.862905227055425,0.184059703776835,-0.121946337999086,1.67341840001653
0,0,-1.23466314428479,-1.35130311185284,-1.45805661032697,1.06364977946744,1.11317610711771
0,1,-0.601310305248107,1.64446926976026,-1.96395688666681,-1.49625984408311,0.634182877840653
0,1,-0.0506196794993412,0.277587952263996,-1.72923169725159,0.33737414072876,-0.0862585194637026
0,0,-0.349759942694844,0.773987402697967,-0.156467235630379,-0.542428653289872,-0.646668923150655
0,0,0.549777582814212,1.37185034316717,1.95395760792726,-0.351568784660072,-0.0823219441313085
0,1,-0.926863617797586,0.822017150847149,0.559388362575618,0.234145710295127,0.691717100781231
0,0,0.227487774577482,-0.531769971572094,-0.80877201254714,0.947694605677216,-0.534053976098426
0,1,0.432194352864492,-0.0895211192543731,0.515346895553996,1.56862959413191,0.979126192295153
0,0,0.088474430733693,-1.52987592621021,-0.133843523207064,2.34065354697358,0.797005742139686
1,1,2.04794337932094,-0.558389585712163,0.835918347593253,-1.15483870566432,0.0753100267189366
0,1,-0.62135840987745,0.69081060521168,0.979339681602267,0.43050468835837,-0.485683968092099
0,0,-2.85965033521059,-0.145104491925687,0.191461789784544,-1.17327820986437,0.514661412893126
0,1,1.93946294536254,-0.852170061586247,2.19301878789095,1.81527945187042,1.02451958602299
0,0,0.310930306706609,-1.51138825404142,-1.13648837564803,-0.102886968429947,-3.08362792912963
0,0,0.941604068973041,-1.52875414301022,-1.62405243237238,-0.0691865123213801,-0.338157329978438
0,0,0.985464509353364,-1.62011963289306,-0.0146872547565143,-1.12165599713112,-0.964674698063582
0,1,-3.3663579057632,1.1153581439279,0.0229970613159309,0.595341117739449,-0.444457945704312
0,0,0.964725564151199,0.223685763863105,-0.113053463621071,-0.480783818003071,0.277334864883313
1,0,-0.109813474603441,-0.365585689317501,0.258449167971831,1.16592043394626,-0.752871558489723
0,1,-0.834255500004301,0.162270278906885,-0.668798103717791,-1.19382579383671,-0.576550720662103
0,0,-1.61443803188911,0.222853020716749,-0.954682925722526,-0.126364252673873,-0.681349187301702
0,0,0.178685970649936,0.363217684193449,-0.0387471661066081,-0.287371525097467,1.22529685772683
0,1,0.692597186338219,-0.174390755757718,-0.254281508914986,0.483512185301329,0.463931042523272
0,1,1.77750086336191,-0.389276810370711,-0.599403263814769,1.75184684273576,0.115622929601055
0,0,2.51876013057355,-1.25607775008352,-0.348477907051843,-0.574036767313454,1.05452396396664
0,0,-0.109395168656948,0.554844618077548,0.622715694658781,-0.59524666620522,0.821333460711175
0,0,0.86813663175048,1.20377909364097,-0.549866871174778,-1.62531333319823,-1.76019502945494
0,0,0.440811312045105,-1.06577155490622,-1.63659812302155,-0.400403966914356,1.52269500307939
0,0,-1.50256594051518,-0.939083811328581,0.777572159887922,0.369469524059658,-0.264761237988335
0,0,0.687013440492175,-0.589728163606996,0.683547010272616,-2.0421551469036,-1.74082220517175
0,0,-1.98573317409095,-0.588472453750715,0.0175923989364974,-0.970100151012049,0.669958596447316
0,0,-1.54876246313824,-0.105444408945745,-0.586058470677426,0.405662569206938,-0.183320956097267
0,1,2.04655367728579,0.832989508883276,1.67744329577299,2.19390484642461,-0.105197404824442
0,1,-2.35924792586826,-0.450153602571424,-0.674793604977714,0.111788232594147,0.193503199241655
0,1,0.267304966344627,1.1049046717618,0.749413526025915,-1.26031623954429,-0.885813527534358
0,1,-0.358517959751921,-1.30782360990674,-0.922049874633001,2.31518671508065,1.87370921058531
1,1,1.93561163861004,0.700529392787794,1.58811365474282,0.175674166683655,1.9275292506194
0,1,-1.33633453671102,0.853141003912437,0.092702517098674,0.779576863052136,-1.21705388476821
0,1,-0.454917974754643,-0.148069134535189,-1.99252744208773,-0.210808573321661,-0.145309464683075
0,0,0.042871230656229,1.0915331214078,1.27128820116597,0.68505206282854,-0.603496171189774
0,0,0.970470677475744,0.150004549344799,-0.814811424887918,-0.0486316544466871,-1.51646296392126
0,0,-1.96697149564535,-1.40646630221109,0.0276452268341478,-0.31080998459867,-0.324143687893501
0,1,1.875949073507,0.424462801314472,0.698170893088875,-0.559557372827455,-0.171768606478739
0,1,1.6251552464083,-0.825713460428341,-0.463516862296681,-1.44630637522504,0.769999092383312
0,0,1.46368068282296,0.255892654081896,-0.604719969983198,-0.867278735643756,1.48578700809193
0,1,-0.829595580804821,1.99955984090666,1.93603284160726,1.4584617732085,0.503887525535127
0,1,-0.70831225263709,1.99285418941695,-0.0493738457569723,-0.212698554656075,-0.939655552055677
0,1,-0.685296598607936,0.118984146095849,1.24109787989857,-1.83163643138402,0.772918845871682
0,1,1.64368179298376,1.65783136018202,-0.505080348723565,1.14374669308097,0.266988051336289
0,0,-0.402733492989821,-0.953802153290153,0.0862307256749651,0.0302123972991014,0.53589396515905
0,1,0.316694161712142,0.491041458063748,0.215741116919625,-0.566497574016087,1.82120299577613
0,1,2.17840931111003,1.81534203619184,-0.93519016024554,-1.32569510404031,0.711877962258422
0,1,2.89975913597417,-0.0992354571208025,2.97547778831609,1.10361219400619,0.601914024213271
0,1,2.38246006430098,1.43281742333696,0.414538817109969,-0.850019783778818,-0.892916697092641
0,1,-0.141788887806892,-0.51912235057298,1.1001558091128,1.43836918398637,-0.737272480510997
0,0,0.0687791710920175,1.10717431455083,-0.418666213186857,-0.53932313825544,0.598128190839289
0,1,1.7183595992481,-1.54285073567347,1.01979330990866,-0.839668247594305,-0.107165289732838
0,0,0.642534044218972,-2.17144336762185,-0.829335606898996,-1.32144262279403,-0.344332902435541
0,1,0.647408149663595,1.42757301970144,-0.0610306074762679,-0.0216257053438698,-1.17025188435317
0,1,0.136253201143491,-0.00289288319859907,-0.443056864576183,-0.631750217004228,1.05517659155299
0,1,1.57238182704585,1.09223879264236,-1.87126343248987,0.339716898453922,-2.47807836377374
1,0,0.875013576906922,-0.366011036716751,0.519633115558158,0.472997264998759,1.30795580176223
0,1,0.891819625337966,-2.17686280035484,-0.135269503321545,2.07186625366765,-2.64708123061234
0,1,-0.298200852501742,0.796946265743746,-0.73092322526155,-0.636361787996665,-0.73786651670644
1,1,1.70272653421659,-0.667081862053386,2.30499894394682,1.38150598552005,-0.502221861461136
1,1,2.99534440375052,-0.0737559507052734,0.407998005441288,1.23672847186967,2.5817875418602
0,0,0.044807611692624,0.493180372184498,0.40382674735869,1.2194871506613,-1.1707253887497
0,1,0.147745259541208,0.560093758285026,-0.130709738962955,0.823706681748565,-0.68495994747516
0,0,-1.11327099220777,0.0655049605594988,-1.79686240646704,-0.538210440573447,-0.928242643488392
0,1,-0.993885896326943,-0.112376289170372,0.931555800254449,-0.492042326168486,0.927747556070857
0,1,-1.23238066583017,0.208191528574216,0.959676186508498,0.697660452104289,0.980397129047644
1,1,2.41999549343518,0.540693832918652,0.49503392767755,1.05250814015327,-1.06047922394944
1,0,-1.99210667861003,-0.112678633493825,-0.251310700714662,0.383557309505731,-1.1659645017212
0,1,0.00904479931253831,-0.833526205268904,1.13336771994127,0.635191062506208,-0.138994128470596
0,1,-0.74220080451099,-0.903662762634337,-2.03916284949809,-0.212647841276231,0.152790493239769
1,0,1.25105059389654,0.582472454520386,0.492879150326098,0.532482959192592,0.957150141298924
0,0,-0.00514109758485537,-0.647512239435394,0.58447608928177,-0.764031343341077,-0.401849601938002
0,1,-0.15314573896499,0.17506365158813,-1.1713774239798,-0.418060481971995,-0.176789481872262
0,1,0.748972617686179,-0.782851297006524,-0.996778828502772,0.206011618560374,1.10219229550275
0,1,1.4035619141542,0.0129738681643417,-0.326398661656533,-0.62727817449843,-0.0881262168090912
0,1,-1.17327011058569,0.241319368434846,-0.139360647561885,-0.022158252273077,0.556041785068722
0,1,-0.446401545089022,0.538253240298725,0.0778930375046377,-0.524956735107593,-0.719780984660433
0,1,0.589751724278491,0.27981337400364,-0.912801934193694,0.346238390694391,-2.43249800268685
0,0,1.39543874641972,2.39436284592555,0.971806810593475,-0.333779562153552,-0.579341684372033
0,1,0.952790546123083,-0.924035661871831,1.98900790815261,0.0613028044888522,-1.13090349097201
0,1,0.664461298253674,0.0959445108192212,-0.617288317752583,-0.790769929320092,0.420768485799235
0,1,0.130484747175009,0.957814188176384,-0.352549368253158,0.322461093343139,0.510605430443707
0,0,-0.171878713817951,-0.7428553230351,-1.31819665297908,-1.06947068746646,-2.4932037943535
0,1,-0.299832553041077,2.24157589468365,0.229705872435956,-1.00386850073972,-0.384078506065184
0,1,-1.32307360829205,-0.283506390506129,-0.137640635005268,0.232965230176338,1.07364960527086
1,1,1.9994998525663,-0.0461355496774675,1.63943776849218,-2.06334421035616,1.31971499830706
0,0,-1.18516336544518,-0.067132882020604,-0.298120073571256,-0.513230101142936,-0.0543498760478476
0,0,1.9878208766579,-0.0563513625436001,2.31235424722879,-2.1512927389686,-0.348948915703167
0,0,1.46254378777708,-1.00631757928044,0.146456058555387,0.860278190324466,0.538610183926421
0,1,-1.54217830597931,-1.96368863406546,0.617527280033839,1.21259680996506,1.24297228575318
0,0,-1.36054667479833,-0.649950799743787,1.48592305004616,-0.232042514539924,-0.230364589675026
0,0,-0.721777728948004,1.06176610199226,-0.818870853494274,-2.51251340492343,0.175709820892425
1,1,1.80419245966061,2.25113862113787,-0.361259237432239,-1.02171218987252,-0.507048377559106
0,1,-0.120396813405596,1.07939525400848,-0.620213433320181,2.00029253185151,1.44732185355534
0,1,0.263636013413753,-0.136112265191425,-0.614362341253412,-0.297655843474281,-0.861084102580603
0,1,0.747500644586835,0.681786480292955,-1.53314418359728,1.22369618318307,0.442626036584104
0,0,0.18231521805107,1.5643112978437,0.935907248597369,-0.628818500605986,-0.661462306413602
0,0,1.79380294693583,-1.65132051850105,-0.281020136487936,-1.34962431626114,2.0635157045219
0,1,-1.20499895942613,-0.179790072675668,1.15091630228547,-0.106916993762653,-1.04839855327551
0,0,-0.903076829554786,0.373223779005732,-0.409430890199236,-0.499405098388308,1.13943803215581
1,1,0.21135448284123,-0.528908370543066,1.00712546209937,2.50146639911196,2.06900872556748
0,1,1.75997579513128,-0.380682344539996,0.609606838507173,0.977507451345167,-0.595836456004337
1,1,-0.23394940423459,0.77651697264031,0.667250340940237,-0.799469466882865,-0.898276513752924
0,0,-0.75646955363497,-1.02769576819121,1.1488746300416,-0.170000394337946,-0.571305082314146
0,0,-0.474959963457408,1.23650617763354,-0.175813926025296,0.0586101160414194,0.530871647235546
0,1,0.413234384198658,1.90308526957984,-0.787665458672297,-0.920459786382672,0.830060464172903
0,0,1.17663637035093,-2.24259151005768,0.092313547533209,0.653223642377275,0.0644985005579353
1,0,0.411892539909321,-0.25220942374017,-1.69845335080277,2.21959061235756,0.369882865927537
0,1,0.83636092876288,-0.718864755865856,3.05425800146242,-0.0276599827981759,0.0849148089635356
0,0,1.53409879267627,-0.622550410879423,0.450067666513424,2.60545909965444,0.0575948918059244
0,0,1.07266153164124,-0.760710658425463,-1.60782659818265,-0.879637725912294,-0.787196266150739
0,1,0.00295572848795739,0.00251388542392286,0.926273171998908,-0.222424093075586,-0.259093852121143
0,0,0.305459260544054,1.24211350416418,-1.10909134801878,0.56653907901459,-1.40379472598837
0,1,0.905625533817452,-0.388116437929456,-1.45172497956379,-0.080461711012308,-0.0979047186300043
0,1,0.379965424975508,0.00128827646860784,-1.23649004373358,0.965321776934898,-0.997787436106803
0,1,-0.624450139207949,-0.221820773038873,0.0828298499647868,0.175795902442074,0.956306532673925
0,0,1.35148816209253,1.74780406460429,-0.244673339559506,-0.696599728265988,-2.04058689250939
0,0,0.338828944893862,0.794942303882889,-1.11441277187619,-1.78241954649869,-2.08944009163879
0,1,0.216605426928258,1.49857351869763,-0.210607092493497,0.932083117007367,0.49401224278405
0,1,0.20882933220729,0.78740350738184,0.200906392336119,-1.46474185840486,0.379417109584729
0,1,-0.891445922752505,-1.00667470615034,-0.490087595598809,0.82156197654075,1.06880229136961
0,0,-0.503889399340304,0.8016214156867,0.319501796464616,0.298563446090594,1.65694511974346
0,0,1.48977572469769,-1.51977050715503,-0.317667511487623,-0.25385948301339,-1.36124816145065
0,0,0.625970543612104,-1.07643820604741,2.12222181697967,-0.717130547805292,-1.12675802177744
0,0,0.928251510241784,-1.91965200788537,-1.10413610540377,-1.16706294056079,1.77886345087705
0,1,-1.00041456011358,0.385071502158589,0.488057293139231,-0.918902042158159,0.689016041949541
1,1,0.819060918358248,1.49502728646968,2.02321179067146,-0.649392569664305,-0.310544060034207
0,1,0.59878538655273,0.0395607069586393,-0.351540073843129,0.242376690591364,-1.0331811741522
0,1,1.58029384545825,-0.427409930086058,0.546478922279051,0.699393565235543,0.374151041416679
0,1,1.58960758137903,1.57552449076051,-1.22444689688732,0.698660013887414,-0.0914214230219635
0,0,-1.1951382390369,-0.422643631533206,-0.311224641936145,-0.0368455330202074,-2.01973475559157
1,0,-0.0191733858350889,-1.1818165040327,-1.53824765347015,-0.357733077660857,-0.883312722426626
0,1,-1.17839878692735,0.0499408239516023,0.694515733816065,-1.11146927800338,0.60344908075954
0,1,1.45390142375738,2.30986443807141,-1.25037725635315,0.841949695739906,0.591308517857512
0,1,0.470909126070587,-0.57992122753738,0.721624753177585,0.552122952391828,-0.284692266332683
0,0,-0.742300758513505,0.103795212896829,-0.984150983212392,-1.29583148520505,0.251935650560183
0,0,-0.387199244895381,-1.04048419709465,-0.572145019218495,-0.8662369274112,-1.42454498728125
0,0,-0.521327241835028,0.362567276613021,-0.296012569554292,-0.518078733025876,-0.349287944255917
0,1,-0.0254090958302236,-0.866843252202164,0.0198550508351514,0.498095288269549,0.616021145460803
0,0,1.56308054659293,-1.04532116113814,2.55228160804312,0.0997852060318112,0.0858084701137617
0,0,0.48654668763486,0.618249064901565,-0.229127254600231,-0.88095921524939,-0.932918315119506
0,0,-0.721956971889895,1.0076424847902,1.47928492705887,0.826799414446281,0.703265754106251
0,0,1.20308064515536,-0.559305933323126,-0.340979918456444,-0.017901967080303,-1.64191795593055
0,0,0.374853658475886,0.709450192775482,-1.27638109888486,-2.00708893040762,1.09442717782957
0,0,1.02748339380033,-1.21854298052446,0.469902995976952,0.245448352584813,1.00707831076376
0,1,2.48494061818641,0.22896941622905,0.411651789324293,2.16610141160559,-0.826879791013253
1,0,-0.373160107987866,-0.774831190479558,0.102915287968778,-1.45742671233463,0.433503628189377
0,0,-1.74461357462441,-0.528153299797676,-1.01733554278447,-0.932851229834008,0.169262740821786
0,0,-2.01992873810807,0.137138031340223,-0.241499599533054,0.893446253324502,0.77882800193641
0,1,2.1628496742823,1.99320652446222,1.9502420420467,-0.127025222976105,1.89201896911682
0,0,-0.667703519289746,0.979518977505957,0.0879085095700716,-1.61322912268813,0.459664536560861
0,1,0.359870505559584,-0.20332145715557,1.15612830670868,1.37076826214221,-2.12557303632784
0,1,0.730465892202636,-1.10567530997724,-0.235837274163015,0.497421693108214,1.08133330714783
0,0,0.515491154516314,0.63474764476653,1.64178241974452,1.16095072661533,-1.04795258099424
0,0,-1.73238888032795,0.403592331677119,2.80753089544908,-0.198428958289014,-0.477000694520549
1,0,1.18185367371279,0.737062855676331,0.720693759160848,-0.0310934473262128,0.0188988802458292
0,0,-0.847336252790274,-0.536463073251832,-1.51854792051028,-0.499499750188576,-0.840925035140568
0,0,-0.715295219986904,-0.676192382372461,0.489756933059808,0.017677168195935,1.6298175561383
0,1,-0.776541555939622,-1.74844969283533,-0.65293246722394,0.888177667548854,0.380787262607547
0,0,-2.55535284323409,-0.644036127766197,-0.700314933531393,1.27338378361952,-1.46147805788003
0,1,0.67589988419043,0.605695314538676,0.928211342322815,-0.942332907602728,-0.7465956780417
0,1,-0.864642763940932,0.28668972620093,-0.69149794628974,-1.22226117365043,-0.66690436982309
0,1,-0.194725999036933,-0.998248666937341,-0.034606220553122,1.31901595718627,-0.269457746906584
0,1,0.872302663911639,-0.423256572766968,0.454286549943689,0.108219430620243,2.14012077106995
1,0,1.91774456974648,-0.0411381989591499,1.37575855326376,0.794114447848726,-1.19184168398708
0,0,-0.154347807622711,-0.506044220968514,-0.528022476744746,0.921540579518843,-0.496113102289251
0,1,-1.04718548118152,1.11092382610183,-1.06926465310499,-0.192785150561476,0.278347540327566
0,1,0.777442750837718,1.12558478530951,0.346673081632443,1.54565127373263,-1.08350139312207
0,1,0.920576736437663,1.531945360746,0.451705747571107,0.0896758085700454,1.68998476930142
0,0,-0.675951357874162,1.14658582014406,-0.86262926156985,0.966079661042488,-0.411240499320028
0,1,0.0221936165570901,0.88706822664089,-1.10591820297524,-0.447607553871077,0.76005107788842
0,0,-0.392587407674947,-0.831875051738775,0.799116041313465,-0.541161738346403,0.263297149465991
0,1,-1.55337258207734,-0.82952811599292,-1.09243491830498,-0.342442482280473,1.00200096974583
0,0,0.430904088115432,0.94433703427277,-0.650169203818983,-0.967485270323443,-0.0166017060315997
0,0,-0.908450309841129,-1.24584075217626,2.03887664943676,-0.959415552029043,-1.61010370602486
1,1,1.51931349061547,-0.00221728107083496,1.48375762854641,-0.260117514527972,-1.33585894209229
0,1,-0.791048718079597,-0.593694647418125,0.882672673162752,0.0960042383069014,0.144281609773594
0,0,-1.77706867850193,0.0799141218863341,-0.690382626693492,1.13763452192515,-0.954591680463195
0,0,-1.07759152772727,-1.53174420809641,-0.638120892530203,0.677126107204713,0.0235471308581949
0,1,-0.467452185671738,-1.77120131958985,-1.42341036505866,1.4618148729322,-0.193615728290309
0,1,1.29989394567337,-2.23988392265362,0.359403799889522,0.715494317006924,0.710893362013901
0,1,0.475023083316608,1.39667209221675,-0.985896486557575,0.563608796422685,0.421040512831836
0,1,-0.0518934051422849,-0.371786467113586,-0.0452204582175164,-0.700477657658244,1.49831849801575
0,0,0.222669384628791,-1.15661304475355,-0.586966663091708,0.299940148036578,-0.748736454799426
0,0,-1.28359378611323,-0.266549227341578,1.08511842718243,-0.064883770851199,1.93395947822241
0,1,-0.100511837833651,-0.896474814653884,0.729597156078693,-0.0991707234751022,1.8380331923954
0,0,0.304018760035611,-1.08528473491611,-1.45871325875426,-0.144230478231383,-1.98092601699199
0,1,0.460098880547239,-0.0299349364548841,-0.275952015461259,-0.122866521348462,1.39680546552596
0,1,1.07854857138954,0.797504615897385,0.876258688681495,1.48674834702051,0.459823604445681
0,0,-0.533115878138493,-0.09605508965847,-0.090112316509551,-1.59940792549198,-1.26224894958029
0,1,1.70404804959818,0.678325856946228,0.197512182606128,0.943949950310787,1.18468796426984
0,0,0.382764465169983,-0.0993169137301302,-0.305824731035568,-0.369190276760353,-0.214925548173738
0,1,0.00577477506459828,0.137434072351085,0.623684347632502,-0.1310204045295,0.115394081431959
1,0,0.833542792867388,-0.911482605448893,0.468317212010035,-0.903954035872788,0.661543362809681
0,1,0.453055312293356,0.2944897830603,-0.512680852715307,-1.10456958644485,-0.427510011660102
0,1,0.782810138710783,-0.518529552806257,-1.54798535249772,0.932452795869507,-0.587134125641274
0,1,1.3873568726255,0.600842320616677,-0.0380770382811087,0.73255624340877,-1.32410872671185
0,0,1.1203761433804,1.4792925124349,-0.250041960184558,-1.89069720707673,-0.689740059588353
0,0,-0.905653027551244,-0.303815946139902,-0.918936023240318,0.763106831761312,-0.0770917022559869
0,0,-0.590791999180505,0.137181106622659,1.82771748448604,-0.0461631970920149,-0.393978826596533
0,1,-0.312768405552087,0.544821437081527,0.493892078272179,0.796930320436872,0.272370202533612
0,0,-0.9218773871939,-0.641157465308679,-1.09227577178553,-1.00213908280412,-0.349087636814543
0,1,2.88757119816073,0.459698268446488,1.18012408807104,2.80480954444851,1.24007136571618
0,0,-0.0566545141021188,-1.39937317090262,0.481384169381777,1.44692953086499,0.0922310464775894
0,0,1.57874636621901,-1.61270882788912,2.27503917843271,0.494931122676791,-0.755245540113118
0,0,1.50326809939929,1.11325975774518,-1.27455137319326,-0.451347252161634,1.57653078860317
0,1,-1.64819238512591,-0.381476093137836,-0.097647767072564,0.197217013640734,0.115663125277057
0,0,-0.575730676489067,-0.195126452138128,-0.0465382918868271,-0.533393418527387,0.42923211743864
0,1,-1.08017630699033,0.106714617675448,1.19845358718944,-0.737775829680824,-1.27791367361991
1,1,1.46393827346776,1.01310660362919,1.09814905110913,-0.771602686930685,1.55298659997059
0,0,-0.662974152733253,-0.0907006008730471,0.137062608836688,-0.373128519598942,1.53750588349069
0,1,0.205536948579765,-0.486902654876433,0.75491224832193,0.375738874696018,1.00701056652494
0,0,-0.11446048831603,0.92300866719553,-0.728646570988507,-1.57435326198458,0.404352715865455
0,0,-0.578591169698466,-2.51767711418652,0.838354579042291,-0.0572443242610448,-1.85739382712425
0,1,-1.61253959827212,1.07219603152579,-0.313079480024659,0.284620164367678,-0.474121131971921
0,1,0.033084432501297,0.571273068961949,1.31947209791064,0.402595717371812,-0.177881815236457
0,0,0.43435894632862,0.536322489521778,1.40194001024553,-0.124208848534999,-0.549113558197395
0,1,0.488482891382488,0.37698245043231,0.728270174747797,0.390249045473111,-1.2094337327036
0,0,-1.06929087659895,0.29715951936769,0.232707595486404,-1.48322656241763,-0.797839116222345
0,1,-1.30599500338428,-0.227685745564287,-0.527698228444403,1.05819523512606,0.993330831733991
0,0,0.546972217874456,-0.394415299969797,1.10050248299616,0.799458748375815,-1.82092936709462
1,0,0.26350694999809,0.590994033838016,-0.707487369402552,1.03583469681598,-0.51228583438715
0,0,-1.12695481784402,0.672969230209755,-0.827784154431907,0.0606249119694337,0.939443838052468
0,0,-0.83900714817089,-0.94507899722435,0.978786982019033,0.593567568595183,0.432565476883545
1,1,0.662320928869816,0.649150104266083,2.29531106819101,1.43833264073423,0.222466334530684
0,1,-0.104345758125616,0.251003198955078,1.13771394651351,0.482474747344784,0.0688011794492379
0,0,1.0505494217697,0.483031039349087,-0.0593528798404455,-1.0730289221433,0.576248469246601
0,0,1.56758730532135,-3.12143021292683,-0.459241209903644,-1.25495062294092,1.11721974554271
0,0,1.51660318344329,-1.50639381892612,0.286090753187492,-0.186755912036996,1.25138063683484
0,0,-0.249356038355394,-0.134356375012096,-1.18276184321745,0.627253641531484,0.520712630900111
0,1,0.606496088832656,-0.578821964427,1.76479722560168,0.743917610285951,0.286567680400619
1,1,-0.472029648558675,0.759538794600743,0.62411277480129,1.23217250634562,-0.497590803610878
0,1,-0.483069803736793,-1.63957795868804,-1.44575840279449,1.17485690231236,1.52780209869638
0,1,-0.832189100091598,-0.284666581646047,-1.05366968962717,1.72216403818864,1.16586344069583
0,0,0.964296510566599,-0.772104195789588,-0.816357822515048,-1.08564746392573,0.409762922903814
0,0,1.20510319399668,-0.554699432188397,0.554173301412999,0.420121090016206,-0.255235046810705
0,0,-0.859169981454283,-0.11255230506694,0.904699327574286,0.196915878717218,-0.180768120765117
1,1,0.959455390904926,1.33746606875184,-0.203124935008001,-1.00930696684039,0.298541259109426
0,1,0.574677555613408,1.17765523670309,-0.940753309261213,0.585323402115465,2.61691263312402
1,0,-1.04913594566568,-1.84036641300889,1.53859087399281,0.138260872478307,-0.207330970783369
0,0,-0.126510067923687,0.155703213657245,-1.20893957124477,-0.0532583775288748,-0.355465895896899
0,0,-0.380244441626304,-1.46551394949358,-0.295698516937605,-0.936745964767042,-0.265172639876655
0,0,0.840388918384075,-0.276824950972762,1.05970071092515,-0.037609997695128,-0.138832691306639
0,1,0.721242713812827,0.682045528126704,0.21942783701233,2.47384409375806,-0.0623552243639051
0,0,-0.680572305709458,-0.625474429901183,-1.37897023723375,-0.874879361440198,0.350077803273506
0,0,-0.658744503503641,1.40930866165163,1.10653226259046,0.50260050490376,-1.49204307999231
0,1,1.43110982666092,-0.725931134276259,-1.06229784759994,0.853618774651845,0.366738086022593
0,0,1.06795756475184,1.2562349499003,-1.00511955067961,0.0901964486110496,0.91559012288883
0,1,2.82227679130464,-1.79026803092802,0.655842620654267,-0.00287688901802295,1.10984008391455
0,0,-1.30465132174569,-0.970012675713498,-1.69971414463408,0.732577872548836,-1.84780201222914
0,0,0.902037810260727,0.981760638225083,0.468501383407117,-1.11851776955609,0.995674419765234
0,0,0.231303856044698,-2.21613014864187,0.558104577182427,-0.561612370500125,-0.735504145106284
0,0,-0.316384654174173,0.627181941805423,1.49412561404027,-0.752143597397666,0.652818200351068
1,1,0.279294007346131,0.443745977428378,1.1330059100144,1.68121950141545,0.122859486439193
0,0,2.55299699889822,-2.48128617914512,-1.4807588196142,-1.30093381829205,0.586339734436742
1,0,-1.06720989185951,0.72634330957627,-0.589712188330084,1.23184960892848,-0.385703342330742
0,1,-0.982411843790238,0.985718792109534,1.87565515782116,-0.117500493260592,-1.33171816074631
0,1,1.1954758221755,-0.283934766063413,0.463343556185991,-0.208425795131444,0.881910284089304
0,1,0.707178113874469,0.138922989372845,0.284296240730104,0.239346801744165,-1.30513556625272
0,0,0.0782437837786059,1.43373492501303,-3.12077782353021,1.26327900063991,-0.816057409449273
1,1,1.39296195210833,-0.500545171444926,-0.459854746536729,0.0456044147956169,1.32329612542162
0,1,0.297569504756406,0.439018451209647,1.39270022594549,-0.404603663580116,0.921243478659383
0,1,-0.903044396746454,-0.0783750654435391,-0.220649483320545,-0.0443454309920875,0.897631155884045
0,1,-0.691064070850308,0.126090229733577,-0.842888902163829,-0.15330261904665,-0.120796046921081
0,1,-0.85173361453269,-1.62798049491579,0.0234499993391849,-0.775893555965198,-1.17621719723595
0,1,-0.614071947607776,0.0968028648254889,0.416074574509771,-0.593919097598902,-0.447082011696349
0,1,-1.21098953848943,0.33791225744766,1.09088697746973,-0.950954083099611,0.930873200602384
0,0,0.279338787731645,-0.325297948192934,-1.28472182339526,-1.38038301847628,0.629128582733098
1,1,0.916721313495431,0.806022289252059,0.796184751497994,-0.735308155100181,1.06606639497582
0,1,0.0501969089084984,-0.873042729431771,0.173949502404387,-2.21151141819701,-0.289068461818304
1,1,1.1208058247215,1.03873014898787,-0.979112182898291,1.61370307721766,1.15468407784662
0,1,0.049568396714691,-0.376241498752704,-0.560094381211082,-0.433587610502184,-0.463757829808161
0,1,2.13531324310743,-0.776850232920648,-2.00208029056233,0.130608365062681,1.71310274888556
0,0,1.17191833890006,1.33480241717832,0.665468809054388,1.735486541894,-1.60731528684949
0,1,2.06798611043288,1.71701161980103,0.186633525174289,0.130459449097784,1.30815323854261
0,0,-0.241563453476452,0.208667560339346,0.650986728908649,0.594164848287713,1.59016393818539
0,0,-0.311863559111041,-0.716540020574228,-0.506367404845511,-0.654668878924157,-0.264363750198561
1,1,-0.185697281934831,0.950841641769397,-0.988465854554409,1.43708086005016,0.752656751158137
0,1,0.266491093038446,-0.301110299730114,-2.29984995361151,0.0510292208865142,-0.443109244084354
0,1,-1.89156323882387,-0.11642387118072,0.736460004826328,0.355796881749443,-0.902344105019662
0,0,-0.571928038335007,0.0424751756409806,1.09215143045553,-0.0522544628832265,-1.74579289639175
1,0,0.112523477502775,0.120311147623804,0.943180820452961,-0.882780091597958,0.350646931649012
0,0,0.410558595998862,1.35782153932625,-0.105878569368222,-0.110809524579587,2.07364016268663
0,0,1.34833982217247,-1.81020211778421,-2.43046978873554,-0.780405981296114,0.208240178400865
0,0,0.147125271887592,0.471607645883792,1.12357634957169,0.910238575869986,-0.311072230464528
0,0,1.69315947282104,-0.889453821042215,-1.98122237619201,-0.711704562729327,-0.434822770223315
0,0,0.802674390625505,-0.401667890251868,0.50953683413214,0.0695192099561058,0.0596438264325188
0,0,-1.12515505710214,-0.179322896399976,-2.05140209876372,1.44973083676695,0.142768433525365
0,1,-0.974849892192389,-0.0504639056289954,-1.77950465474674,-0.18676345723301,-1.36377328749961
1,1,-0.849404712221783,1.66575121179945,0.701121913106325,0.432443048504541,0.124258088006568
